"post_title","post_name","ID","post_excerpt","post_content","post_status","menu_order","post_date","post_parent","post_author","comment_status","sku","downloadable","virtual","visibility","stock","stock_status","backorders","manage_stock","regular_price","sale_price","weight","length","width","height","tax_status","tax_class","upsell_ids","crosssell_ids","featured","sale_price_dates_from","sale_price_dates_to","download_limit","download_expiry","product_url","button_text","meta:_yoast_wpseo_focuskw","meta:_yoast_wpseo_title","meta:_yoast_wpseo_metadesc","meta:_yoast_wpseo_metakeywords","images","downloadable_files","tax:product_type","tax:product_visibility","tax:product_cat","tax:product_tag","tax:product_shipping_class","meta:fb_product_description","meta:fb_product_group_id","meta:fb_product_item_id","meta:fb_visibility","meta:rs_page_bg_color","meta:slide_template","meta:total_sales","meta:woodmart_sguide_select","meta:woodmart_total_stock_quantity","meta:woodmart_variation_gallery_data","meta:wpseo_global_identifier_values","attribute:pa_anti-skid-door-mats-color","attribute_data:pa_anti-skid-door-mats-color","attribute_default:pa_anti-skid-door-mats-color","attribute:pa_blanket-size","attribute_data:pa_blanket-size","attribute_default:pa_blanket-size","attribute:pa_color","attribute_data:pa_color","attribute_default:pa_color","attribute:pa_crush-velvet-color","attribute_data:pa_crush-velvet-color","attribute_default:pa_crush-velvet-color","attribute:pa_cushion-art-name","attribute_data:pa_cushion-art-name","attribute_default:pa_cushion-art-name","attribute:pa_cushion-covers-designs","attribute_data:pa_cushion-covers-designs","attribute_default:pa_cushion-covers-designs","attribute:pa_glitter-glory-rug-color","attribute_data:pa_glitter-glory-rug-color","attribute_default:pa_glitter-glory-rug-color","attribute:pa_glitter-glory-rug-size","attribute_data:pa_glitter-glory-rug-size","attribute_default:pa_glitter-glory-rug-size","attribute:pa_ottoman-size","attribute_data:pa_ottoman-size","attribute_default:pa_ottoman-size","attribute:pa_printed-designs","attribute_data:pa_printed-designs","attribute_default:pa_printed-designs","attribute:pa_size","attribute_data:pa_size","attribute_default:pa_size"
"Decorative Glitter Glory Rugs for Living Room, Bed Room and Drawing Room","decorative-glitter-glory-rug-for-living-room-bed-room-and-drawing-room-2","9","Check out our shop on <a href=""https://www.facebook.com/pg/About-Home-105949177634629/shop/?ref=page_internal"">facebook</a> and <a href=""https://www.instagram.com/about_home_uk/"">instagram</a> and find more amazing deals and products. New Deals every week. Don't let this offer go. Buy Now!!","<h1>Design</h1>
This <a href=""http://abouthomeuk.com"">About Home</a> Luxurious Super Soft Decorative Glitter Glory rugs is 65% cotton and 35% polyester, it has a glitter look which is done by using Lurex and It has a soft feel .We keep in mind health about your family and children and that is why our rugs are made of 100% non-toxic materials. Decorate your living room, drawing room and the bedroom with this rug .Placing this glitter rug to your living room not only gives comfy feel to the room but also gives a very luxurious touch .As a portable rug, makes it easy to take outside to shake the dirt out, Or you can vacuum it with a low-power handheld vacuum, it can also be washed separately but do not bleach, iron or tumble it.
<h2>Features</h2>
<ul class=""a-unordered-list a-vertical a-spacing-none"">
 	<li><span class=""a-list-item"">MATERIAL - 65% Cotton Blended with 35% Polyester, the glitter look to this rug is given with the help of this special material called Lurex</span></li>
 	<li><span class=""a-list-item"">LUXURIOUS - This rug gives a luxurious look to your house because of its unique glitter look</span></li>
 	<li><span class=""a-list-item"">DECORATIVE - This rug can be used to decorate your Living Room, Drawing Room or the Bed room</span></li>
 	<li><span class=""a-list-item"">AVAILABILITY - It is available in many colours and sizes</span></li>
 	<li><span class=""a-list-item"">WASHABLE - It can be washed separately but do not bleach, iron or tumble it</span></li>
</ul>
<h2>Use</h2>
These decorative glitter glory rugs give your living room a glow up and give it a luxurious feel. It's the best way to cover up your floor with some quality floor covering. You can also buy complementary <a href=""https://abouthomeuk.com/product/about-home-premium-quality-super-soft-flannel-fleece-throw-blanket-soft-warm-blanket-throw-mustard-200x240-150x200cm/"">About Home Soft flannel throws</a> with them to  Match up with your rug. You are going to want to stay in your living room forever. These products are the best way to decorate your living room and give it a luxurious vibe. You can check out our shop on <a href=""https://www.facebook.com/pg/About-Home-105949177634629/shop/?ref=page_internal"">facebook</a> and <a href=""https://www.instagram.com/about_home_uk/"">instagram</a> and find more amazing deals and products and buy now!!","publish","0","2020-04-16 23:41:09","0","1","open","","no","no","","","instock","no","no","","","","","","","taxable","","","","no","","","'-1","'-1","","","Decorative Glitter Glory Rugs","Decorative Glitter Glory Rugs for Living room%%sep%% Home Decor by About Home","These About Home Luxurious Decorative Glitter Glory rugs give your living room a glow up.So give your living room a luxurious vibe today. Buy now!!!","","https://abouthomeuk.com/wp-content/uploads/2020/04/all.jpg","","variable","","MATS AND RUGS > Glitter Glory Rugs|MATS AND RUGS","","","","4298362550177726","","1","","","0","none","","[]","{""gtin8"":"""",""gtin12"":"""",""gtin13"":"""",""gtin14"":"""",""isbn"":"""",""mpn"":""""}","","","","","","","","","","","","","","","","","","","Charcoal|Cream|Mustard|Pink","1|1|1","","120 x 170 cm|90 x 150 cm","0|1|1","","","","","","","","","",""
"Soft Flannel Blanket Throws premium quality fleece","about-home-premium-quality-super-soft-flannel-fleece-throw-blanket-soft-warm-blanket-throw-mustard-200x240-150x200cm","3072","<ul class=""a-unordered-list a-vertical a-spacing-none"">
 	<li><span class=""a-list-item"">COLOURS - In each size, we have 6 colours  : Black, Mustard, Cream, Mineral, Pink and Grey</span></li>
 	<li><span class=""a-list-item"">DIMENSIONS - You can get 2 Sizes 150x200 cm and 200x240 cm</span></li>
 	<li><span class=""a-list-item"">VERSATILE - You can use this flannel fleece as a blanket as well as bed throw or sofa/settee throw</span></li>
</ul>","<h1>About Home Super Soft Flannel Blanket Throws</h1>
<h2>Design</h2>
These About Home Super soft Flannel Blanket Throws are the premium quality flannel blankets made with the best flannel fleece designed exclusively for your home by About Home. These flannel throws have a super soft feel that you can't get enough of. When you just feel like laying in your sofa, be lazy and watch TV, you'll need the perfect throw. Not too warm not too cold, available in different size to fit your couch or bed accordingly. Also available in different colors to match with your living room or bedroom.
<h2>Features</h2>
<ul class=""a-unordered-list a-vertical a-spacing-none"">
 	<li><span class=""a-list-item"">DIMENSIONS and COLORS - We provide 2 Sizes 150x200 cm and 200x240 cm. In both the sizes, we have 6 colors which are : Black, Mustard, Cream, Mineral, Pink and Grey</span></li>
 	<li><span class=""a-list-item"">EXTRA WARMTH - When the nights get colder and you need extra layers of warmth, reach for one of our soft Flannel Blanket Throws. </span></li>
 	<li><span class=""a-list-item"">ALL PURPOSE BLANKET - You can use this flannel fleece as a blanket as well as bed throw or sofa/settee throw</span></li>
 	<li><span class=""a-list-item"">PREMIUM QUALITY - Premium quality luxurious Super soft Flannel Blanket throw for the sofa, settee, bed, living room, bedroom, outdoor &amp; travel</span></li>
 	<li><span class=""a-list-item"">VERSATILE - You can use this fleece throw as a blanket as well as bed throw or sofa/settee throw</span></li>
</ul>
<h2>Complementary products</h2>
These About Home Super soft Flannel Blanket Throws have a versatile nature, they can go with anything. However, if you need some more products for your house then why not get a perfect combination of products to give your home a glow up. We provide complementary rugs with these throws at a very reasonable price. <a href=""https://abouthomeuk.com/product/decorative-glitter-glory-rug-for-living-room-bed-room-and-drawing-room-2/"">Buy them now</a>.
<h2>Social Media</h2>
You can check out our shop on <a href=""https://www.facebook.com/pg/About-Home-105949177634629/shop/?ref=page_internal"">facebook</a> and <a href=""https://www.instagram.com/about_home_uk/"">instagram</a> and find more amazing deals and products and buy now!! Give us a review and tell us what you think. Your feedback means a lot to us.","publish","0","2020-03-11 18:15:04","0","1","open","","no","no","visible","","instock","no","no","","","","","","","taxable","","","","no","","","'-1","'-1","","","Soft flannel blanket throws","%%title%% %%page%% %%sep%% About Home","These About Home super Soft flannel blanket throws are so soft that you can't get enough. When you feel like laying in your sofa, you need a perfect throw.","","https://abouthomeuk.com/wp-content/uploads/2020/03/Flannel-Main-scaled.jpg","","variable","","BEDDING|BEDDING > Blankets|THROWS > Flannel throws|THROWS","premium-quality-super-soft-flannel-fleece-throw-blanket","","","2894085797341205","","yes","","","0","none","","{""3826"":""4325,4492,4493,4494,4495,4496,4506"",""4061"":""4499,4500,4501,4502,4503,4504,4505"",""4063"":""4511,4510,4509,4508,4507,4512,4513"",""4225"":""4492,4498,4506,4493,4494,4495,4496"",""4227"":""4500,4499,4505,4504,4503,4502,4501"",""3832"":""4515,4516,4522,4520,4519,4518,4517"",""4221"":""4524,4523,4525,4527,4529,4530,4532"",""4223"":""4534,4533,4535,4537,4538,4539,4540"",""4235"":""4534,4533,4535,4537,4538,4539,4540"",""4233"":""4524,4523,4525,4527,4529,4530,4532"",""4231"":""4515,4516,4522,4517,4518,4519,4520"",""4229"":""4507,4508,4509,4510,4511,4512,4513""}","{""gtin8"":"""",""gtin12"":"""",""gtin13"":"""",""gtin14"":"""",""isbn"":"""",""mpn"":""""}","","","","150x200 cm|200x240 cm","0|1|1","","Black|Cream|Grey|Mineral|Mustard|Pink","1|1|1","","","","","","","","","","","","","","","","","","","","","","","","",""
"Woven Jacquard Chenille Rugs (Abyle Rugs)","abyle-chenille-rugs-54-x-80","3159","<ul>
 	<li>MATERIAL - 90% Polyester Blended 10% other material</li>
 	<li>COLOUR - Available in different colors</li>
 	<li>SIZE - The size of this product is 54 inch x 80 inch, 5x7 feet (approx.)</li>
 	<li>MACHINE WASHABLE - This product is machine washable</li>
</ul>","<h1>About Home Woven Jacquard Chenille Rugs (Abyle Rugs)</h1>
<h2>Design</h2>
Another Luxurious product by ABOUT HOME, this Abyle Chenille rug is super luxurious and suitable for a big living room, it gives your room a very fancy vibe and enhances the look of your room, it is suitable for living room and drawing room, the fancy design on this rug looks very beautiful. These woven jacquard chenille rugs have a fancy design which is a limited edition, designed especially to give a royal feeling to our customers, and the fact that it is MACHINE WASHABLE makes it easy to handle and take care of. We keep in mind health about your family and children and that is why our rugs are made of 100% non-toxic materials.
<h2>Features</h2>
<ul>
 	<li>MATERIAL - 90% Polyester Blended 10% other material</li>
 	<li>COLOUR - These Woven Jacquard chenille rugs are available in different colors</li>
 	<li>SIZE - The size of this product is 54 inch x 80 inch, 5x7 feet (approx.)</li>
 	<li>MACHINE WASHABLE - This product is machine washable and easy to handle</li>
 	<li>DECORATIVE - This rug is decorative and gives a royal vibe to your room</li>
</ul>
<h3>Use</h3>
Decorate your living room, drawing room and the bedroom with these About Home woven jacquard chenille rugs. Placing this jacquard rug in your living room gives it a very luxurious touch. As a portable rug, makes it easy to take outside to shake the dirt out, Or you can vacuum it with a low-power handheld vacuum, it can also be washed separately but do not bleach, iron or tumble it.
<h2>Complementary Products</h2>
These About Home woven jacquard chenille rugs have a versatile nature, they can go with anything. However, if you need some more products for your house then why not get a perfect combination of products to give your home a glow up. We provide complementary throws with these throws at a very reasonable price. <a href=""https://abouthomeuk.com/product/ascot-cotton-throw-blanket/"">Buy them now</a>.
<h2>Social Media</h2>
You can check out our shop on <a href=""https://www.facebook.com/pg/About-Home-105949177634629/shop/?ref=page_internal"">facebook</a> and <a href=""https://www.instagram.com/about_home_uk/"">instagram</a> and find more amazing deals and products and buy now!! Give us a review and tell us what you think. Your feedback means a lot to us.","publish","0","2020-03-19 16:48:11","0","1","open","","no","no","visible","","instock","no","no","","","","","","","taxable","","","","no","","","'-1","'-1","","","woven jacquard chenille rugs","%%title%% %%page%% %%sep%% About Home","These About Home Woven Jacquard Chenille rugs are luxurious rugs suitable for a big living room, they give your room a fancy vibe and enhance its looks.","","https://abouthomeuk.com/wp-content/uploads/2020/04/black-abyle-in-room-small-scaled-1.jpg | https://abouthomeuk.com/wp-content/uploads/2020/04/black-abyle-in-room-small-1-scaled-1.jpg | https://abouthomeuk.com/wp-content/uploads/2020/03/red-abyle-in-room-small.jpg | https://abouthomeuk.com/wp-content/uploads/2020/04/teal-abyle-in-room-small.jpg | https://abouthomeuk.com/wp-content/uploads/2020/04/camel-abyle-in-room-small.jpg | https://abouthomeuk.com/wp-content/uploads/2020/04/grey-abyle-in-room-small.jpg","","variable","","MATS AND RUGS > Chenille Jacquard Rugs|MATS AND RUGS","","","","3408067825889579","","yes","","","1","none","","{""3188"":""4593,4594,4595,"",""3189"":""4598,4599,4600"",""3190"":""4602,4603,4604"",""3191"":""4590,4591,4592,"",""3545"":""4586,4587,4588,""}","{""gtin8"":"""",""gtin12"":"""",""gtin13"":"""",""gtin14"":"""",""isbn"":"""",""mpn"":""""}","","","","","","","Black|Camel|Grey|Red|Teal","2|1|1","","","","","","","","","","","","","","","","","","","","","","","","",""
"Crush Velvet Storage Ottomans","crush-velvet-storage-ottomans","3227","Ottoman bench features a lift-up lid with ample storage space to home essentials, Pillows, Toys and blankets
<strong>Adaptable-</strong> This ottoman will be a beautiful addition to living room,bedroom or hallway and more
<strong>Multifunctional-</strong> This ottoman can be used as a Seat,Footrest, occasional bench as well as for Storage
<strong>Design -</strong> Velvet Covering ia not only soft and Durable but also gives Ottoman an Elegant look, exude class in a variety of settings
<strong>Foldable</strong> - Easy to set up, designed to fold into flat and is easy to store","This About Home Crush Velvet storage ottoman has a comfortable seat and is a heavy quality durable product .We keep in mind health about your family and children and that is why our products are made of 100% non-toxic materials. Decorate your living room, drawing room and the bedroom with these attractive storage ottomans .You can store your items in this ottoman, very useful when you wanna hide something from your kids. It can also be used as a toy storage box for your children. These come in attractive small packaging that state the dimensions of the ottoman and are delivered free to your door step. So there's no reason to not buy these stools as they are good quality at cheap price, delivered free to your door step and are comfy and good looking.","publish","0","2020-03-21 18:02:49","0","1","open","","no","no","visible","","outofstock","no","no","","","","","","","taxable","","","","no","","","'-1","'-1","","","","","","","https://abouthomeuk.com/wp-content/uploads/2020/04/SB76AUB-2.jpg","","variable","outofstock","Furniture|Furniture > Stools And Ottomans","","","","2978249822295314","","1","","","0","none","","[]","","","","","","","","","","","Aubergine|Black|Champagne|Chocolate|Grey|Rose|Silver","1|1|1","","","","","","","","","","","","","","15&quot;×15&quot;×15&quot;|30&quot;x15&quot;x15&quot;","0|1|1","","","","","","",""
"Anti Skid Door Mats-40x67 cm","anti-skid-door-mats-40x67-cm","3261","ANTI - SKID - These door mats are anti - skid, don't slip even on wet floor. No chance that you'll fall while entering your home
<strong>DECORATIVE</strong> - This doormat can be used to decorate your Living Room, Drawing Room or the Bed room
<strong>AVAILABILITY</strong> - It is available in many colours .
<strong>WASHABLE</strong> - It can be washed separately but do not bleach, iron or tumble it

<strong>Size -</strong> <strong>40x67 cm</strong>","These About Home anti - slip door mats are to keep your house clean from dirty shoes, these have good absorption and don't let dirt enter your sweet and clean home .We keep in mind health about your family and children and that is why our rugs are made of 100% non-toxic materials. you can vacuum it with a low-power handheld vacuum, it can also be washed separately but do not bleach, iron or tumble it.","publish","0","2020-03-21 19:04:36","0","1","open","","no","no","visible","","instock","no","no","","","","","","","taxable","","","","no","","","'-1","'-1","","","","","","","https://abouthomeuk.com/wp-content/uploads/2020/04/door-mats-1-1.jpg","","variable","","MATS AND RUGS > Door Mats|MATS AND RUGS","","","","3833165763391610","","1","","","0","none","","[]","{""gtin8"":"""",""gtin12"":"""",""gtin13"":"""",""gtin14"":"""",""isbn"":"""",""mpn"":""""}","Beige|Chocolate|Grey|Maroon","0|1|1","","","","","","","","","","","","","","","","","","","","","","","","","","","","","","",""
"Faux Silk Cushion Covers with padded foam (printed)","faux-silk-printed-cushion-covers-shells-with-padded-foam","3282","<ul class=""a-unordered-list a-vertical a-spacing-none"">
 	<li><span class=""a-list-item"">SIZE – 18 x 18 inches / 45 x 45 cm</span></li>
 	<li><span class=""a-list-item"">MATERIAL – Faux silk with padded foam</span></li>
 	<li><span class=""a-list-item"">DESIGNS – These are available in 10 different amazing designs.</span></li>
 	<li>MACHINE WASHABLE - These <span class=""a-list-item"">cushions covers </span> are machine washable</li>
</ul>
&nbsp;","<h1>Printed Faux Silk Cushion Covers / Shells with padded foam</h1>
<h2>Design</h2>
About Home presents to you, Faux Silk Printed Cushion Covers with padded foam for your home. These are available in various attractive designs for you to chose from and decide which suits your bedroom or couch the best. Available in beautiful bright prints filling your room with good vibes and making you feel comfortable.
<h2>Features</h2>
<ul class=""a-unordered-list a-vertical a-spacing-none"">
 	<li><span class=""a-list-item"">SIZE – 18 x 18 inches / 45 x 45 cm</span></li>
 	<li><span class=""a-list-item"">MATERIAL – Faux silk with padded foam</span></li>
 	<li><span class=""a-list-item"">WHAT YOU’LL GET – 18 x 18 inches filled Cushions. Back is of solid color with matching front.</span></li>
 	<li><span class=""a-list-item"">AMAZING DESIGNS – These cushion covers provide good looks and elegant style to your living room or bedroom. Available in different amazing designs to match your room.</span></li>
 	<li><span class=""a-list-item"">FEEL COMFY – This Cushion covers  not only brighten up your interior but also provides full comfort.</span></li>
</ul>
<h2>Use</h2>
You can fill these faux silk cushion covers and place them on your couch or sofa in the living room and enhance its looks. These cushions fill your living room or bed room with good vibes and making you feel comfortable. when your home needs a glow up, use these cushions to give this glow up and give your home what it deserves. We use our premium quality material to design the best printed faux silk cushion covers. These are the premium quality cushion covers provided by About Home Exclusively. If you are looking for filled cushions, you can buy them <a href=""https://abouthomeuk.com/product/faux-silk-filled-cushions-with-printed-designs/"">here</a>.
<h3>Delivery</h3>
These are delivered free to your doorstep. No extra charge for delivery. These are delivered within 5 days of your order. Place an order now, don’t let this deal slip away
<h2>Social Media</h2>
Check out shop on <a href=""https://www.facebook.com/About-Home-105949177634629/"">facebook </a>and <a href=""https://www.instagram.com/about_home_uk/"">instagram.</a> Give us a review and tell us what you think. Your feedback means a lot.","publish","0","2020-03-21 19:27:22","0","1","open","","no","no","visible","","instock","no","no","","","","","","","taxable","","","","no","","","'-1","'-1","","","Faux silk cushion covers","","About Home presents to you, Faux Silk Printed Cushion Covers with padded foam for your home. Amazing printed designs available at very reasonable prices.","","https://abouthomeuk.com/wp-content/uploads/2020/04/collage-scaled-2.jpg","","variable","","CUSHIONS AND CUSHION COVERS|CUSHIONS AND CUSHION COVERS > Printed Cushion Covers","abouthome","","","2825689014211081","","yes","","","0","none","","[]","{""gtin8"":"""",""gtin12"":"""",""gtin13"":"""",""gtin14"":"""",""isbn"":"""",""mpn"":""""}","","","","","","","","","","","","","","","","Andrey in New York|Bull it|Home sweet Home|Indian elephant|Life begins on friday night|Liverpool|Love|Marilyn monroe in New York|Orient elephant|Saxophone","0|1|1","","","","","","","","","","","","","","","",""
"Faux Silk Printed Pillowcases with Padded foam","decorative-printed-faux-silk-pillow-cases-with-padded-foam","3294","<strong>Size - </strong>These are available in the size 16 × 24 inches.
<strong>AVAILABILITY -</strong> These are available in 12 different designs.
<strong>WASHABLE -</strong> These are machine washable.

&nbsp;","<h1>About Home faux silk Printed pillowcases with padded foam</h1>
<h2>Design</h2>
About Home presents to you, faux Silk printed pillowcases with padded foam for your home. These are available in various attractive designs for you to chose from and decide which suits your bedroom or couch the best. Available in beautiful bright prints filling your room with good vibes and making you feel comfortable.
<h2>Features</h2>
<ul class=""a-unordered-list a-vertical a-spacing-none"">
 	<li><span class=""a-list-item"">SIZE – 16 x 24 inches / 40 x 60 cm</span></li>
 	<li><span class=""a-list-item"">MATERIAL – Faux silk with padded foam</span></li>
 	<li><span class=""a-list-item"">WHAT YOU’LL GET – 16 x 24 inches pillowcases. Back is of solid color with matching front.</span></li>
 	<li><span class=""a-list-item"">AMAZING DESIGNS – These printed pillowcases provide good looks and elegant style to your living room or bedroom. Available in different amazing designs to match your room.</span></li>
 	<li><span class=""a-list-item"">FEEL COMFY – These pillowcases not only brighten up your interior but also provide full comfort.</span></li>
</ul>
<h2>Use</h2>
You can fill these faux silk printed pillowcases and place them on your couch or sofa in the living room and enhance its looks. These pillows fill your living room or bed room with good vibes and making you feel comfortable. when your home needs a glow up, use these pillows to give this glow up and give your home what it deserves. We use our premium quality material to design the best faux silk printed pillowcases. These are the premium quality printed pillowcases provided by About Home Exclusively. If you are looking for similar cushions, you can buy them <a href=""https://abouthomeuk.com/product/faux-silk-filled-cushions-with-printed-designs/"">here</a>.
<h3>Delivery</h3>
These are delivered free to your doorstep. No extra charge for delivery. These are delivered within 5 days of your order. Place an order now, don’t let this deal slip away
<h2>Social Media</h2>
Check out shop on <a href=""https://www.facebook.com/About-Home-105949177634629/"">facebook </a>and <a href=""https://www.instagram.com/about_home_uk/"">instagram.</a> Give us a review and tell us what you think. Your feedback means a lot.","publish","0","2020-03-21 19:42:43","0","1","open","","no","no","visible","","instock","no","no","","","","","","","taxable","","","","no","","","'-1","'-1","","","faux silk Printed Pillowcases","","About Home presents Printed Faux Silk Pillowcases with padded foam. These are available in various attractive design and bright colors for you to choose.","","https://abouthomeuk.com/wp-content/uploads/2020/04/Collage-1-scaled-1.jpg | https://abouthomeuk.com/wp-content/uploads/2020/03/Collage-2.jpg","","variable","","BEDDING|BEDDING > Pillows And Pillow Covers","abouthome","","","2941329779277109","","yes","","","0","none","","[]","{""gtin8"":"""",""gtin12"":"""",""gtin13"":"""",""gtin14"":"""",""isbn"":"""",""mpn"":""""}","","","","","","","","","","","","","","","","Abstract Skyline|Beach Huts|Buckingham Palace|Distressed Marilyn Monroe|Guitar Player|Let your love rain|Money makes the world go around|Musical Butterfly|Paris|Retro roller skates|Summer Roses|Watercolor Cat","0|1|1","","","","","","","","","","","","","","","",""
"Faux Fur Wooden Stools by About Home 3 Legged","soft-faux-fur-3-legged-wooden-stools","3321","<strong>COMFORTABLE -</strong> These stools are very comfortable as they have padded foam covered by soft faux fur stool shells.
<strong>AVAILABILITY -</strong> It is available in 3 sizes
<strong>WASHABLE -</strong> The stool shells can be taken off and washed separately but do not bleach, iron or tumble it","<h1> Soft Faux Fur Wooden Stools by About Home 3 Legged</h1>
<h2>Design</h2>
These About Home Soft Faux Fur Wooden Stools have padded foam on the top to make you feel comfortable .We keep in mind health about your family and children and that is why our products are made of 100% non-toxic materials. Decorate your living room, drawing room and the bedroom with these stools .These are durable, light weight and easy to handle. You can't resist to feel the soft faux fur covers of these stools. These About Home Soft Wooden Stools come in attractive packaging and are delivered free to your door step. So there's no reason to not buy these premium quality stools at this amazing price. These are great for you to chill on with your friends when hanging out. Make your living room look great and provide you comfort.
<h2>Features</h2>
<strong>COMFORTABLE -</strong> These stools are very comfortable as they have padded foam covered by soft faux fur stool shells.
<strong>AVAILABILITY -</strong> It is available in 3 sizes
<strong>WASHABLE -</strong> The stool shells can be taken off and washed separately but do not bleach, iron or tumble it
<h2>Use</h2>
The Stool shells are made of very soft material just like fur. So it gives you a feel like fur but is not really made of an animals fur. If you have a big family this covers room and provides people place to sit on. These can be used as substitute for furniture and the plus point is that you do not have to spend much like when you have to buy furniture. You can always take of the stool shells when they get dirty and you can wash them. The stool shells are a 100% machine washable. These can also be replaced when worn out. So the whole stool is not needed to be replaced you can just replace the covers.

The padded foam it 8 cm in width that gives you total comfort. Sitting on stools is also another great way to improve your posture, with your back straight. So there you go a comfort providing stool, with soft faux fur replaceable shells ,delivered free to your doorstep. Also check out our <a href=""https://abouthomeuk.com/product/crush-velvet-storage-ottomans/"">storage ottomans</a> ,they are too very comfortable and also provide you space to store things
<h2>Social Media</h2>
You can follow us on social media and check out our latest products. Be updated about latest products and new deals. Follow us on <a href=""https://www.facebook.com/About-Home-105949177634629/?eid=ARDlaakrZzzToWg2SpJuzPuQ840hewU6qBTmtcO81gS-QSAsMuFXwSk91QO8qR3JAVRauscI_zvcdOPz"">Facebook</a> and <a href=""https://www.instagram.com/about_home_uk/"">Instagram</a>, check out our shop there too and give us a review tell us what you think. Because your feedback means a lot to us","publish","0","2020-03-23 15:31:29","0","1","open","","no","no","visible","","instock","no","no","","","","","","","taxable","","","","no","","","'-1","'-1","","","Faux fur Wooden Stools","","About Home soft Faux fur Wooden Stools have padded foam seat to make you feel comfortable, are durable, light weight and delivered free to your door step.","","https://abouthomeuk.com/wp-content/uploads/2020/04/Stools-scaled-1.jpg","","variable","","Furniture|Furniture > Stools And Ottomans","3-legged|about-home|abouthome|bar-stools|comfortable|comfy|faux-fur|foot-stools|living-room-furniture|living-room-stools|padded-foam|polished-legs|premium-quality-super-soft-flannel-fleece-throw-blanket|premium-quality|soft-seat|wooden-stools","","","3008265405862407","","yes","","","0","none","","{""3323"":""3331,3333,3325"",""3324"":""3333,3331,3326""}","{""gtin8"":"""",""gtin12"":"""",""gtin13"":"""",""gtin14"":"""",""isbn"":"""",""mpn"":""""}","","","","","","","","","","","","","","","","","","","","","","","","","","","","","","","Large - 30x30x52 cm|Medium - 40x40x40 cm|Small - 30x30x32 cm","0|1|1",""
"Handwoven Multicolored Chindi Rugs","accent-chindi-rag-rugs","3335","<strong>MATERIAL -</strong> 90% Polyester Blended with 10% Cotton. It is easy to clean.
<strong>MULTI - COLORED -</strong> This Handwoven Chindi Rug is Multicolored.
<strong>REVERSIBLE -</strong> This rug is reversible
<strong>ECO - FRIENDLY -</strong> Help us save the environment by using this rug made of recycled material.","<h1>Handwoven Multicolored Chindi Rugs</h1>
<h2>Design</h2>
These handwoven Multicolored chindi rugs by ABOUT HOME are MULTI-COLORED REVERSIBLE home decor Rugs that can be used in our homes for decorative purposes and many other uses. It can be used  inside the house in summers to prevent the floor from dust and it can be used as a picnic rug for when you go outside to have fun with your kids or friends. This rug can also be used in winters to lay on, outside in the sun whilst getting a tan. It is easy to clean and prevents the house from dust and pet hair if you have any pets.

Each color in these handwoven Multicolored chindi rugs is carefully chosen to make up a perfect looking rug. Inside the house, this rug can be placed in the Bed Room, Living Room, Dining Room and the Drawing Room. you can vacuum it with a low-power handheld vacuum, it can also be washed separately but do not bleach, iron or tumble it.
<h2>Features</h2>
<ul class=""a-unordered-list a-vertical a-spacing-none"">
 	<li><span class=""a-list-item"">MATERIAL - 90% Polyester Blended with 10% Cotton</span></li>
 	<li><span class=""a-list-item"">DECORATIVE - This rug can be used to decorate your Living Room, Drawing Room or the Bed room</span></li>
 	<li><span class=""a-list-item"">AVAILABILITY - It is available in 2 sizes</span></li>
 	<li><span class=""a-list-item"">WASHABLE - It can be washed separately but do not bleach, iron or tumble it</span></li>
</ul>
<h2>Use</h2>
These About Home Handwoven accent chindi rag rugs give your living room a glow up . It's the one best home decor to cover up your floor with some quality floor covering. You can also buy complementary <a href=""https://abouthomeuk.com/product-category/throws/cotton-throws-throws/"">Cotton throws</a> with them to  Match up with your rug. You are going to want to stay in your living room forever. These products are the best way to decorate your living room and give it a luxurious vibe. You can check out our shop on <a href=""https://www.facebook.com/pg/About-Home-105949177634629/shop/?ref=page_internal"">facebook</a> and <a href=""https://www.instagram.com/about_home_uk/"">instagram</a> and find more amazing deals and products and buy now!!","publish","0","2020-03-23 15:51:57","0","1","open","","no","no","visible","","instock","no","no","","","","","","","taxable","","","","no","","","'-1","'-1","","","Handwoven multicolored chindi rugs","%%title%% %%page%% %%sep%% Home decor rugs - About Home","These Home decor handwoven Multicolored chindi rugs by ABOUT HOME are MULTI-COLORED REVERSIBLE Rugs provided to you at an amazing price. Buu Now!!","","https://abouthomeuk.com/wp-content/uploads/2020/04/yay-1.jpg | https://abouthomeuk.com/wp-content/uploads/2020/04/Chindi-in-room.jpg | https://abouthomeuk.com/wp-content/uploads/2020/04/Accent-chindi-rag-rug-2.jpg | https://abouthomeuk.com/wp-content/uploads/2020/04/ACDE08EB-0224-4F78-8038-5680C2EC9953-scaled-1.jpg","","variable","","MATS AND RUGS > Chindi Rugs|MATS AND RUGS","about-home|abouthome|area-rugs|chindi-mats|chindi-rag-rugs|chindi-rugs|handwoven|home-decor|living-room-rugs|mats|rugs","","","3754697717937876","","yes","","","2","none","","{""3344"":""3339,"",""3345"":""3337,3338""}","{""gtin8"":"""",""gtin12"":"""",""gtin13"":"""",""gtin14"":"""",""isbn"":"""",""mpn"":""""}","","","","","","","","","","","","","","","","","","","","","","","","","","","","","","","20&quot;x32&quot;|36&quot;x60&quot;","0|1|1",""
"Honeycomb waffle Cotton Throws (Two-Tone)","honey-comb-two-tone-cotton-throws","3346","<strong>Colors :</strong> Available in many different colors for you to choose which suits your home the best

<strong>Sizes :</strong> Available in 5 sizes for you to choose which fits you sofa or bed the best.

<b>Machine Washable : </b>These Honeycomb waffle cotton throws are machine washable and easy to clean","<h1>Honeycomb waffle Cotton Throws</h1>
<h2>Design</h2>
These soft Honeycomb waffle cotton throws with fringed edges are the premium quality 100% cotton throws ready to be laid on your settee or sofas, keep you warm and cozy. These can also be used as bed sheets, chair throw, picnic rugs or can be used on the beach to lay on whilst getting a tan.This honeycomb throw comes in an attractive PVC packing with an ABOUT HOME belly band or insert card stating the details of the product. The packing of the product depends on the size
<h2>Features</h2>
<strong>DESIGN -</strong> These contemporary  throws, constructed with 100 % cotton provide plenty of warmth and good looks
<strong>FOR EVERYONE -</strong> Suitable for all generations, from the young to the more mature, with its delicate shades enhancing the depth and detail of the herringbone design. This durable, woven cotton Throw is great for indoor or outdoor use
<strong>MULTI PURPOSE</strong> - Not only is it perfect to curl up in on your couch but can also be taken on camping trips, used at the beach or taken on picnics
<strong>FEEL COMFY -</strong> Chill out at home with this herringbone cotton throw blanket, it is super comfy and will keep you warm when you are all curled up in your sofa
<h2>Competitive Products</h2>
These are so many other throws which you can compare these honeycomb waffle cotton throws with. Compare the prices design and sizes and pick the one that suits you the best. Check out the rest of the cotton throws <a href=""https://abouthomeuk.com/product-category/throws/cotton-throws-throws/"">here</a> .
<h2>Social Media</h2>
<em>These products are the best way to decorate your living room and give it good vibes. You can check out our shop on <a href=""https://www.facebook.com/pg/About-Home-105949177634629/shop/?ref=page_internal"">facebook</a> and <a href=""https://www.instagram.com/about_home_uk/"">instagram</a> and find more amazing deals and products and buy now!!</em>","publish","0","2020-03-23 16:09:29","0","1","open","","no","no","visible","","instock","no","no","","","","","","","taxable","","","","no","","","'-1","'-1","","","Honeycomb Waffle cotton throws","%%title%% %%page%% %%sep%% about home","These soft About Home Honeycomb waffle cotton throws with fringed edges are the premium quality 100% cotton throws ready to be laid on your settee or sofas.","","https://abouthomeuk.com/wp-content/uploads/2020/04/honycomb-main-image-1-scaled-1.jpg | https://abouthomeuk.com/wp-content/uploads/2020/04/honycomb-main-image-2-scaled-1.jpg","","variable","","THROWS > Cotton throws|THROWS > Cotton throws > Honeycomb|THROWS","about-home|abouthome|cotton-throws|home-decor|honeycomb-cotton-throws|honeycomb-design|honeycomb-waffle-cotton-throws|honeycomb-throws|living-room|sofa|waffle-design|waffle-throws","","","2940293992731799","","yes","","","1","none","","[]","{""gtin8"":"""",""gtin12"":"""",""gtin13"":"""",""gtin14"":"""",""isbn"":"""",""mpn"":""""}","","","","","","","Beige|Black|Maroon|Teal","1|1|1","","","","","","","","","","","","","","","","","","","","","","","102&quot; × 102&quot;|102&quot; x 155&quot;|70&quot; x 100&quot;|90&quot; x 100&quot;","0|1|1",""
"Knitted Pyramid cotton throws Stonewashed and Combed","knitted-stonewashed-combed-pyramid-cotton-throws","3373","<ul class=""a-unordered-list a-vertical a-spacing-none"">
 	<li><span class=""a-list-item"">These knitted cotton throws are super soft and add a touch of luxury to your room.</span></li>
 	<li><span class=""a-list-item"">These throws are stonewashed and are premium quality stretchable throws.</span></li>
 	<li><span class=""a-list-item""> Available in different colors.</span></li>
 	<li><span class=""a-list-item"">Can be used as a sofa cover or a bedspread.</span></li>
</ul>","<h1>About Home Knitted Pyramid cotton throws premium quality</h1>
<h2>Design</h2>
About Home presents Knitted Pyramid<span class=""a-list-item""> </span>Cotton throws/ settee cover. Add elegance to your home with these beautiful Knitted Combed cotton Stonewashed throws, available in various colors. This contemporary knit throw, constructed with cotton will provide plenty of warmth and good looks. Add texture to your sofa with this cozy throw. Woven from a super soft Combed cotton , this stylish blanket features a detailed knife edging. Choose from five unique colors to pair with your contemporary decor. This cotton throw drapes really well &amp; adds a touch of luxury to your room, can be used as a sofa cover , fully machine washable and is designed to last and impress. Luxurious and attractive. Available in  different colors. Brand new and sealed in an attractive durable packaging, would make a great gift.
<h2>Features</h2>
<ul class=""a-unordered-list a-vertical a-spacing-none"">
 	<li><span class=""a-list-item"">These knitted cotton throws are super soft and add a touch of luxury to your room.</span></li>
 	<li><span class=""a-list-item"">Add elegance to your home with these beautiful knitted cotton throws.</span></li>
 	<li><span class=""a-list-item""> Available in different colors.</span></li>
 	<li><span class=""a-list-item"">Can be used as a sofa cover or a bedspread.</span></li>
 	<li><span class=""a-list-item"">This knitted cotton throw </span><span class=""a-list-item"">provides plenty of warmth and good looks.</span></li>
</ul>
<h2>Use</h2>
<i><em>It does not only brighten up your interior but also protects furniture from dust, dirt and animal hair. These knitted Pyramid<span class=""a-list-item""> </span>Cotton throws are easy to clean and machine washable too.</em>These cotton throws are available in different colors so you can choose which matches your living room the best. These give you comfort and good looks because they are designed for you to feel better about your home. </i>

<em>Tired of pet hair on your couch?                                                                                                                                                          Lay this cotton ascot throw on the couch and when your pet sheds hair, it won’t get stuck in the sofa cracks. Just clean this throw once manually or in the machine and place it back again on the couch. Easy way to get rid of your pet’s hair. Buy complementary <a href=""https://abouthomeuk.com/product/abyle-chenille-rugs-54-x-80/"">rugs</a></em><em> with these throws to enhance your living room looks.</em>

<em>Extra soft heavy weight superior quality cotton. Perfect for the living room or the bedroom. These knitted Pyramid<span class=""a-list-item""> </span>Cotton throws can also be used as a sofa throw or a bedspread and even as a blanket whilst sitting on the couch watching TV. Ideal for using all year round. These are durable as these are a 100% machine washable. These products are the best way to decorate your living room and give it good vibes. You can check out our shop on <a href=""https://www.facebook.com/pg/About-Home-105949177634629/shop/?ref=page_internal"">facebook</a> and <a href=""https://www.instagram.com/about_home_uk/"">instagram</a> and find more amazing deals and products and buy now!!</em>","publish","0","2020-03-23 17:39:26","0","1","open","","no","no","visible","","instock","no","no","","","","","","","taxable","","","","no","","","'-1","'-1","","","Knitted Pyramid cotton throws","%%title%% %%page%% %%sep%% About Home","These knitted pyramid cotton throws are the premium quality stretchable super soft throws that make your home beautiful. Buy now at best prices!","","https://abouthomeuk.com/wp-content/uploads/2020/03/PYRAMID-THROW-4.jpg | https://abouthomeuk.com/wp-content/uploads/2020/03/IMG_4002.jpg","","variable","","THROWS > Cotton throws|THROWS > Cotton throws > Knitted Cotton Throws|THROWS","about-home|abouthome|cotton-throws|home-decor|knitted-cotton-throws|knitted-throws|pyramid-cotton-throws|sofa-throws|stonewashed-cotton-throws|stretchable-throws|super-soft-throws|throws","","","3104285142949123","","yes","","","0","none","","{""3375"":""4653"",""3376"":""4651"",""3377"":""4649"",""3378"":""4650"",""3890"":""4652""}","{""gtin8"":"""",""gtin12"":"""",""gtin13"":"""",""gtin14"":"""",""isbn"":"""",""mpn"":""""}","","","","","","","Beige|Charcoal Black|Chocolate|Duck Egg|Ivory","0|1|1","","","","","","","","","","","","","","","","","","","","","","","","",""
"Luxurious Seat Pad Set of Two by About Home","luxurious-seat-pad-set-of-two","3380","<strong>COMFORTABLE -</strong> These are designed especially to provide comfort just by placing and tying to the chair
<strong>SET OF 2 -</strong> These come in a set of 2
<strong>COLORS -</strong> These are available in 5 different colours for you to choose from..
<strong>SIZE -</strong> 33x35 cm (13""x13.8"") approx","<h1>About Home Luxurious Seat Pad Set of Two</h1>
<h2>Design</h2>
Make your chair comfortable by placing these soft foam padded seat pads. These give your chair a comfortable feel along with a luxurious look. Available in 5 different colors for you to choose from. These come in a set of two and are delivered free to your doorstep. So let's make your chair comfortable, buy these seat pads at a very reasonable price.
<h2>Features</h2>
<strong>COMFORTABLE -</strong> This luxurious seat pad set designed especially to provide comfort just by placing and tying to the chair
<strong>SET OF 2 -</strong> These come in a set of 2
<strong>COLORS -</strong> These are available in 5 different colours for you to choose from.
<strong>LUXURIOUS -</strong> Along with comfort these also give good looks to your furniture.
<strong>SIZE -</strong> 33x35 cm (13""x13.8"") approx
<h2>Use</h2>
This luxurious seat pad set can be placed on your dining chair to make you feel relaxed while having some delicious food. These can be tied to the back of the chair so that they stay still. Note that these seat pad's size is 33x35 cm so measure up the seat of your chair before purchasing this item. Check out more products on our <a href=""https://abouthomeuk.com/product-category/dining/"">store</a> . All of these products are DELIVERED FREE to your doorstep all around the UK.
<h2>Social Media</h2>
<em>These products are the best way to decorate your living room and give it good vibes. You can check out our shop on <a href=""https://www.facebook.com/pg/About-Home-105949177634629/shop/?ref=page_internal"">facebook</a> and <a href=""https://www.instagram.com/about_home_uk/"">instagram</a> and find more amazing deals and products and buy now!! Give us a rating on social media and tell us what you think. Because your feedback means a lot to us.</em>","publish","0","2020-03-23 17:57:20","0","1","open","","no","no","visible","","instock","no","no","","","","","","","taxable","","","","no","","","'-1","'-1","","","Luxurious Seat Pad Set","","Make your chair comfortable by placing these soft foam About Home Luxurious seat pad set. These give your chair a comfortable feel along with a good look.","","https://abouthomeuk.com/wp-content/uploads/2020/03/Untitled-1.jpg","","variable","","DINING|DINING > Seat Pads","abouthome","","","3222401551105279","","yes","","","2","none","","{""3392"":""4616"",""3393"":""4617"",""3394"":""4621"",""3395"":""4619"",""3396"":""4620""}","{""gtin8"":"""",""gtin12"":"""",""gtin13"":"""",""gtin14"":"""",""isbn"":"""",""mpn"":""""}","","","","","","","Black|Cream|Green|Red|Teal","0|1|1","","","","","","","","","","","","","","","","","","","","","","","","",""
"Heavy Quality Bubble Cushion Covers","heavy-quality-bubble-cushion-covers","3407","<strong>DECORATIVE –</strong> These Cushion Covers can be used to decorate your Living Room, Drawing Room or the Bed room
<strong>AVAILABILITY –</strong> It is available in two different colours
<strong>HEAVY QUALITY –</strong> These are the premium quality heavy cushion covers with exclusive design.

<strong>Size - 45x45 cm</strong>

&nbsp;","About Home presents you with Heavy Quality BUBBLE Cushion Covers. These are available in different colours for you to chose from and decide which suits your bedroom or couch the best. These cushion covers fill your room with good vibes and making you feel comfortable. Buy them now at cheap prices. These are the premium quality cushion covers provided by About Home Exclusively.","publish","0","2020-03-23 18:08:46","0","1","open","","no","no","visible","","instock","no","no","","","","","","","taxable","","","","no","","","'-1","'-1","","","","","","","https://abouthomeuk.com/wp-content/uploads/2020/04/Bubble-Teal-Front-scaled-1.jpg | https://abouthomeuk.com/wp-content/uploads/2020/04/Bubble-Teal-Back-scaled-1.jpg | https://abouthomeuk.com/wp-content/uploads/2020/04/Bubble-Grey-Back-scaled-1.jpg","","variable","","CUSHIONS AND CUSHION COVERS > Heavy Quality Bubble Cushion Covers","abouthome","","","3088569244521124","","1","","","0","none","","{""3413"":""3409"",""3414"":""3411""}","{""gtin8"":"""",""gtin12"":"""",""gtin13"":"""",""gtin14"":"""",""isbn"":"""",""mpn"":""""}","","","","","","","Grey|Teal","0|1|1","","","","","","","","","","","","","","","","","","","","","","","","",""
"Button Loop Hand loomed Anti- Skid Bath Mats","button-loop-hand-loomed-anti-skid-bath-mats","3415","SOFT and ABSORBANT - These bathmats are super soft and very absorbant, perfect for your bathroom.
AVAILABLITY - Available in 3 very beautiful and attractive colours
MACHINE WASHABLE - These are fully machine washable.","Soft &amp; absorbent, this mat adds a touch of luxury to your bathroom as soon as you step onto This bathroom mat, you'll know you've found the right one. Fully machine washable.","publish","0","2020-03-23 18:21:55","0","1","open","","no","no","visible","","instock","no","no","","","","","","","taxable","","","","no","","","'-1","'-1","","","","","","","https://abouthomeuk.com/wp-content/uploads/2020/04/Wine-pink-white.jpg","","variable","","BATH|BATH > Bath Mat Sets","abouthome","","","2816802031701891","","1","","","0","none","","[]","","","","","","","","Black / grey / white|Chocolate / beige / cream|Wine / pink / white","0|1|1","","","","","","","","","","","","","","","","","","","","","","","","",""
"ROYAL JACQUARD LARGE CUSHION COVERS","royal-jacquard-large-cushion-covers","3423","DECORATIVE – These Cushion Covers can be used to decorate your Living Room, Drawing Room or the Bed room
AVAILABILITY – It is available in different colours and designs
LARGE SIZE - These cushion covers are for large cushions size 55x55 cm, can also be used as pet beds.
HEAVY QUALITY – These are the premium quality heavy cushion covers with exclusive design.

<strong>Size 55x55 cm</strong>","About Home presents you with Heavy Quality ROYAL JACQUARD LARGE Cushion Covers. These are available in different colours and designs for you to chose from and decide which suits your bedroom or couch the best. These cushion covers fill your room with good vibes and can also be used as beds for your pets. Buy them now at cheap prices. These are the premium quality cushion covers provided by About Home Exclusively.","publish","0","2020-03-23 18:52:29","0","1","open","","no","no","visible","","instock","no","no","","","","","","","taxable","","","","no","","","'-1","'-1","","","","","","","https://abouthomeuk.com/wp-content/uploads/2020/04/Collage-2.jpg | https://abouthomeuk.com/wp-content/uploads/2020/04/Jacquard-Stripe-orange-Back-scaled-1.jpg | https://abouthomeuk.com/wp-content/uploads/2020/04/Jacquard-Wave-Maroon-Back-scaled-1.jpg | https://abouthomeuk.com/wp-content/uploads/2020/04/Jacquard-Wave-orange-back-scaled-1.jpg","","variable","","CUSHIONS AND CUSHION COVERS|CUSHIONS AND CUSHION COVERS > Jacquard Cushion Covers","abouthome","","","3037271242990894","","1","","","0","none","","[]","","","","","","","","Stripe - orange|Wave - maroon|Wave - Orange","0|1|1","","","","","","","","","","","","","","","","","","","","","","","","",""
"Heavy Chenille Pillow Cases","heave-chenille-pillow-cases","3434","<strong>DECORATIVE -</strong> These Pillow Cases can be used to decorate your Living Room, Drawing Room or the Bed room
<strong>AVAILABILITY -</strong> It is available in different colours.
<strong>WASHABLE -</strong> It is machine washable.
<strong>HEAVY QUALITY -</strong> These are heavy quality chenille pillow cases.

<strong>Size -</strong> 16x24 inches","About Home presents Heavy Chenille Pillow Cases. These are available in various attractive colours for you to choose from and decide which suits your bedroom or couch the best. Available in beautiful bright colours filling your room with good vibes and making you feel comfortable. Buy them now at cheap prices. Only one size available in these prints 16x24 inches. These are machine washable.","publish","0","2020-03-23 19:02:22","0","1","open","","no","no","visible","","instock","no","no","","","","","","","taxable","","","","no","","","'-1","'-1","","","","","","","https://abouthomeuk.com/wp-content/uploads/2020/04/Collage-3.jpg | https://abouthomeuk.com/wp-content/uploads/2020/04/Cream-and-Mink-scaled-1.jpg | https://abouthomeuk.com/wp-content/uploads/2020/04/Black-and-Charcoal-2-scaled-1.jpg","","variable","","BEDDING > Pillows And Pillow Covers","abouthome","","","2890977737650300","","1","","","0","none","","[]","","","","","","","","Black / charcoal|Cream / mink|Purple","0|1|1","","","","","","","","","","","","","","","","","","","","","","","","",""
"CHENILLE STRIPE CUSHION COVERS","chenille-stripe-cushion-covers","3444","<strong>DECORATIVE -</strong> These Cushion Covers can be used to decorate your Living Room, Drawing Room or the Bed room
<strong>AVAILABILITY -</strong> It is available in many different colours.
<strong>WASHABLE -</strong> It is machine washable.

<strong>Size :</strong> 43x43 cm","About Home presents Chenille Stripe Cushion Covers. These are available in different attractive colours with Chenille stripe front and plain chenille back, for you to choose from and decide which suits your bedroom or couch the best. Buy them now at cheap prices. Only one size available 18x18 inches( 43 x 43 cm) . These are machine washable.","publish","0","2020-03-23 19:13:42","0","1","open","","no","no","visible","","instock","no","no","","","","","","","taxable","","","","no","","","'-1","'-1","","","","","","","https://abouthomeuk.com/wp-content/uploads/2020/04/Hunter-Green-chenille-stripes-CC-scaled-1.jpg","","variable","","CUSHIONS AND CUSHION COVERS > Chenille Cushion Covers|CUSHIONS AND CUSHION COVERS","abouthome","","","3186581191407717","","1","","","1","none","","[]","","","","","","","","Beige|Hunter Green","0|1|1","","","","","","","","","","","","","","","","","","","","","","","","",""
"MOSHI CHENILLE CUSHION COVERS","moshi-chenille-cushion-covers","3449","<strong>DECORATIVE -</strong> These CUSHION COVERS can be used to decorate your Living Room, Drawing Room or the Bed room
<strong>AVAILABILITY -</strong> It is available in only one colour.
<strong>WASHABLE -</strong> It is machine washable.

<strong>SIZE : 43x43 cm</strong>","About Home presents Moshi Chenille Cushion Covers. Buy them now at cheap prices. Only one size and colour available 18x18 inches (43 x 43 cm) . These are machine washable.","publish","0","2020-03-23 19:19:04","0","1","open","","no","no","visible","","instock","no","no","5.99","2.99","","","","","taxable","","","","no","","","'-1","'-1","","","","","","","https://abouthomeuk.com/wp-content/uploads/2020/04/Plain-Chenille-CC-MINK-scaled-1.jpg","","simple","exclude_from_catalog|exclude_from_search","CUSHIONS AND CUSHION COVERS > Chenille Cushion Covers|CUSHIONS AND CUSHION COVERS","abouthome","","","3005879562781178","","1","","","1","none","","","","","","","","","","","","","","","","","","","","","","","","","","","","","","","","","","","",""
"Printed Cotton Cushion Covers Taped Edge","about-home-printed-cotton-filled-cushion-tape-edged-22x22-inches24x24-inches-60x60-cm","3493","Unique process ensures Vibrant, long lasting print

Ethically sourced, ring spun cotton garment

Fully machine washable cushion covers

Free Delivery","<h1>About Home Taped Edge Printed Cotton Cushion Covers</h1>
<h2>Design</h2>
These about home taped edge printed cotton cushion covers are a 100% cotton. These are available in different amazing designs. The sizes for these cushion covers are also variable because these are available in 2 different sizes for you to choose which fits your cushion the best. The edges of these cushion covers are taped. The back of these cushion covers is solid color unlike the front that is printed with amazing designs.
<h2>Features</h2>
<ul class=""a-unordered-list a-vertical a-spacing-none"">
 	<li><span class=""a-list-item"">SIZE - 22 x 22 inches / 55 x 55 cm</span></li>
 	<li><span class=""a-list-item"">MATERIAL - 100% Cotton Duck Fabric</span></li>
 	<li><span class=""a-list-item"">WHAT YOU’LL GET – 22 x 22 inches or 24 x 24 inches Cushion covers. Back is of solid colour with matching front.</span></li>
 	<li><span class=""a-list-item"">ELEGANT STYLE - This contemporary Duck Cushion constructed with cotton will provide good looks and elegant style. Luxurious and attractive.</span></li>
 	<li><span class=""a-list-item"">FEEL COMFY – This Cushion is made up of soft cotton duck material. It does not only brighten up your interior but also provide full comfort.</span></li>
</ul>
<h2>Use</h2>
You can place them on your couch or sofa in the living room and enhance its looks. These cushion covers fill your living room or bed room with good vibes and making you feel comfortable. when your home needs a glow up, use these cushions to give this glow up and give your home what it deserves. We use our premium quality cotton to design the best printed cotton cushion covers. Buy them now at cheap prices. These are the premium quality cushion covers provided by About Home Exclusively. If you are looking for other cushion or pillow covers check it out in our <a href=""https://abouthomeuk.com/product-category/cushions-and-cushion-covers/"">pillow and cushion covers category</a>.
<h3>Delivery</h3>
These cushion covers are delivered free to your doorstep. No extra charge for delivery. These are delivered within 5 days of your order. Place an order now, don't let this deal slip away.
<h2>Social Media</h2>
Check out shop on <a href=""https://www.facebook.com/About-Home-105949177634629/"">facebook </a>and <a href=""https://www.instagram.com/about_home_uk/"">instagram.</a> Give us a review and tell us what you think. Your feedback means a lot.","publish","0","2020-03-25 18:36:48","0","1","open","","no","no","visible","","instock","no","no","","","","","","","taxable","","","","no","","","'-1","'-1","","","Printed Cotton Cushion Covers","%%title%% %%page%% %%sep%% About Home","These about home taped edge printed cotton cushion covers are a 100% cotton, available in different amazing designs and brighten up your home","","https://abouthomeuk.com/wp-content/uploads/2020/04/Collage.png","","variable","","CUSHIONS AND CUSHION COVERS|CUSHIONS AND CUSHION COVERS > Printed Cushion Covers","abouthome","","","3466715753342507","","yes","","","0","none","","[]","{""gtin8"":"""",""gtin12"":"""",""gtin13"":"""",""gtin14"":"""",""isbn"":"""",""mpn"":""""}","","","","","","","","","","","","","Art Deco Ship|Art Deco Train|Autumn Level 1|Autumn Level 2|Bike Love|Cats &amp; Ducks|Cats &amp; Fish|Flower Style 1|Flower Style 2|Heart &amp; Love|Heart &amp; Love 2|Hope|Love Hope Optimism|Love Hope Peace|Love Text|Owls &amp; Cages|Spring Pattern|Taxi Driver|Watercolour Flamingo","1|1|1","","","","","","","","","","","","","","","","","22 x 22 inches|24×24 inches","0|1|1",""
"Cotton Herringbone Throws (Two - Tone)","two-tone-cotton-herringbone-throws","3566","<ul class=""a-unordered-list a-vertical a-spacing-none"">
 	<li><em><span class=""a-list-item"">Soft &amp; Warm this throw drapes really well &amp; adds a touch of luxury to your room</span></em></li>
 	<li>Available in different colors and sizes</li>
 	<li><em><span class=""a-list-item"">Can be used as a sofa cover or a bedspread</span></em></li>
 	<li><em><span class=""a-list-item"">Fully Machine Washable</span></em></li>
</ul>","<h1>About Home Cotton Herringbone Throws</h1>
<h2>Design</h2>
<em>These soft Cotton Herringbone throws with fringed edges are the premium quality 100% <a href=""https://abouthomeuk.com/product-category/throws/cotton-throws-throws/"">cotton throws</a>. Ready to be laid on your settee or sofas. Keep you warm and cozy. These can also be used as picnic rugs or can be used on the beach to lay on whilst getting a tan. Extra soft heavy weight superior quality cotton. Perfect for the living room or the bedroom. It can also be used as a sofa throw or a bedspread. Even as a blanket whilst sitting on the couch watching TV. Ideal for using all year round. These are durable as these are a 100% machine washable</em>
<h2>Use</h2>
<em>This contemporary Herringbone designed throw, constructed with cotton will provide plenty of warmth and good looks. It is suitable for all generations, from the young to the more mature. With its delicate shades enhancing the depth and detail of the herringbone design. These durable, woven cotton Throws are great for indoor or outdoor use. The cotton blanket is versatile with a delicate herringbone design with fringes. It does not only brighten up your interior but also protects furniture from dust, dirt and animal hair. These throws are easy to clean and machine washable too.</em>

<i>These cotton herringbone throws are available in different colors and sizes so you can choose which matches your living room and fits best on your couch. These give you comfort and good looks because they are designed for you to feel better about your home. </i>

<em>Tired of pet hair on your couch?                                                                                                                                                          Lay this cotton herringbone throw on the couch and when your pet sheds hair, it won't get stuck in the sofa cracks. Just clean this throw once manually or in the machine and place it back again on the couch. Easy way to get rid of your pet's hair.</em>

<em>You can check out our shop on <a href=""https://www.facebook.com/pg/About-Home-105949177634629/shop/?ref=page_internal"">facebook</a> and <a href=""https://www.instagram.com/about_home_uk/"">instagram</a> and find more amazing deals and products and buy now!!</em>","publish","0","2020-03-27 15:54:42","0","1","open","","no","no","visible","","instock","no","no","","","","","","","taxable","","","","no","","","'-1","'-1","","","Cotton Herringbone Throws","","About Home Cotton Herringbone throws for your sofa or couch. Make your living room warm, comfy and cozy by putting these throws on you couch.","","https://abouthomeuk.com/wp-content/uploads/2020/04/Herringbone-throws-all-colours-scaled-1.jpg","","variable","","THROWS > Cotton throws|THROWS > Cotton throws > Herringbone|THROWS","abouthome|chair-throws|cotton-blankets|cotton-herringbone-throws|cotton-throws|cotton-throws-for-bed|herringbone-design-throws|herringbone-throws|home-decor-throws|throws-for-sofa|warm-and-cozy-throws","","","3437222036292011","","1","","","0","none","","[]","{""gtin8"":"""",""gtin12"":"""",""gtin13"":"""",""gtin14"":"""",""isbn"":"""",""mpn"":""""}","","","","","","","Black / Natural|Chocolate / Natural|Grey / Natural|Maroon / Natural|Natural / Beige|Pink / Natural|Red / Natural|Silver / Natural|Teal / Natural|Yellow / Natural","0|1|1","","","","","","","","","","","","","","","","","","","","","","","102&quot; × 102&quot;|102&quot; x 155&quot;|50&quot; x 60&quot;|70&quot; x 100&quot;|90&quot; x 100&quot;","1|1|1",""
"Ascot cotton Throws / Blanket","ascot-cotton-throw-blanket","3722","<ul class=""a-unordered-list a-vertical a-spacing-none"">
 	<li><span class=""a-list-item"">This cotton blanket throw adds a touch of luxury to your room.</span></li>
 	<li><span class=""a-list-item"">Add elegance to your home with these beautiful cotton throws.</span></li>
 	<li><span class=""a-list-item"">Luxurious and attractive. Available in all Sizes &amp; Different colours.</span></li>
 	<li><span class=""a-list-item"">Can be used as a sofa cover or a bedspread.</span></li>
 	<li>Machine Washable</li>
</ul>","<h1>About Home Ascot Cotton Throws</h1>
<h2>Design</h2>
About Home presents the perfect <span class=""a-list-item"">ascot </span>Cotton throws / Blankets and settee cover. This cotton throw drapes really well &amp; adds a touch of luxury to your room, can be used as a sofa cover or a bedspread, fully machine washable and is designed to last and impress. Luxurious and attractive. It protects your settee from dust, dirt, stain and pet fur. Available In all sizes &amp; different colours. Brand new and sealed in an attractive durable packaging, would make a great gift.
<h2>Features</h2>
<ul class=""a-unordered-list a-vertical a-spacing-none"">
 	<li><span class=""a-list-item"">This cotton blanket throw adds a touch of luxury to your room.</span></li>
 	<li><span class=""a-list-item"">Add elegance to your home with these beautiful cotton throws.</span></li>
 	<li><span class=""a-list-item"">Luxurious and attractive. Available in all Sizes &amp; Different colours.</span></li>
 	<li><span class=""a-list-item"">Can be used as a sofa cover or a bedspread.</span></li>
 	<li><span class=""a-list-item"">This contemporary ascot designed throw, constructed with cotton will provide plenty of warmth and good looks.</span></li>
</ul>
<h2>Use</h2>
<i><em>It does not only brighten up your interior but also protects furniture from dust, dirt and animal hair. These throws are easy to clean and machine washable too.</em>These cotton throws are available in different colors and sizes so you can choose which matches your living room and fits best on your couch. These give you comfort and good looks because they are designed for you to feel better about your home. </i>

<em>Tired of pet hair on your couch?                                                                                                                                                          Lay this cotton ascot throw on the couch and when your pet sheds hair, it won't get stuck in the sofa cracks. Just clean this throw once manually or in the machine and place it back again on the couch. Easy way to get rid of your pet's hair.</em>

<em> Extra soft heavy weight superior quality cotton. Perfect for the living room or the bedroom. It can also be used as a sofa throw or a bedspread. Even as a blanket whilst sitting on the couch watching TV. Ideal for using all year round. These are durable as these are a 100% machine washable. These products are the best way to decorate your living room and give it good vibes. You can check out our shop on <a href=""https://www.facebook.com/pg/About-Home-105949177634629/shop/?ref=page_internal"">facebook</a> and <a href=""https://www.instagram.com/about_home_uk/"">instagram</a> and find more amazing deals and products and buy now!!</em>

&nbsp;","publish","0","2020-03-28 18:43:43","0","1","open","","no","no","visible","","instock","no","no","","","","","","","taxable","","","","no","","","'-1","'-1","","","Ascot Cotton Throws","%%title%% %%page%% %%sep%% Let your sofa stay clean - Home Decor","About Home Ascot cotton throws for your settee or couch, keeps your sofa clean, availble in different sizes and colours for you to choose from","","https://abouthomeuk.com/wp-content/uploads/2020/04/ASCOT-ALL-scaled-1.jpg | https://abouthomeuk.com/wp-content/uploads/2020/04/all-1-scaled-1.jpg","","variable","","THROWS > Cotton throws > Ascot|THROWS > Cotton throws|THROWS","about-home|ascot-cotton-throws|ascot-throws|cotton-throws|cotton-throws-for-bed|home-decor|sofa-throws","","","2892463260836319","","1","","","0","none","","[]","{""gtin8"":"""",""gtin12"":"""",""gtin13"":"""",""gtin14"":"""",""isbn"":"""",""mpn"":""""}","","","","","","","Beige|Black|Chocolate|Cream|Grey|Magenta|Maroon|Navy|Red|Teal","1|1|1","","","","","","","","","","","","","","","","","","","","","","","102&quot; × 102&quot;|102&quot; x 155&quot;|50&quot; x 60&quot;|70&quot; x 100&quot;|90&quot; x 100&quot;","0|1|1",""
"Honeycomb Check Cotton Throws Waffle design","honeycomb-check-cotton-throws-waffle-design","3823","<ul class=""a-unordered-list a-vertical a-spacing-none"">
 	<li><span class=""a-list-item"">DIMENSIONS and MATERIAL – 90x100 inches, 228x254 cm. Made up of 100% Cotton.</span></li>
 	<li><span class=""a-list-item"">DESIGN - This contemporary Honeycomb check designed throw, constructed with cotton will provide plenty of warmth and good looks.</span></li>
 	<li><span class=""a-list-item"">FOR EVERYONE - Suitable for all generations, from the young to the more mature, with its delicate shades enhancing the depth and detail of the honeycomb check design. This durable, woven cotton Throw is great for indoor or outdoor use.</span></li>
 	<li><span class=""a-list-item"">MULTI PURPOSE - Not only is it perfect to curl up in on your couch but can also be taken on camping trips, used at the beach or taken on picnics.</span></li>
 	<li><span class=""a-list-item"">PROTECTOR - The cotton blanket is versatile with a delicate honeycomb design with fringes. It does not only brighten up your interior but also protects furniture from dust, dirt and animal hair and it is easy to clean as well.</span></li>
</ul>","<h1>Design</h1>
These contemporary <a href=""https://abouthomeuk.com/product/honeycomb-check-cotton-throws-waffle-design/"">Honeycomb check cotton throws,</a> designed with premium quality cotton will provide plenty of warmth and good looks. Suitable for all generations, from the young to the more mature, with its delicate shades enhancing the depth and detail of the waffle design. This durable, woven cotton Throw is great for indoor or outdoor use. Multi Purpose - Not only is it perfect to curl up in on your couch but can also be taken on camping trips, used at the beach or taken on picnics.
<h1>Features</h1>
The cotton blanket is versatile with a delicate honeycomb check waffle design with fringes. It does not only brighten up your interior but also protects furniture from dust, dirt and animal hair. It is very easy to clean and is machine washable as well.
<h1>USE</h1>
STAINS ON YOUR SOFA!!! If If you're unable to clean the stains on your sofa or couch you can always cover'em up by these good looking comfortable throws. These Honeycomb check cotton throws are the premium quality throws provided exclusively by About Home. Chill out at home with this honeycomb cotton throw blanket. It is super comfy and will keep you warm when you are all curled up in your sofa. These are available in one size 90""x 100"". Available in many colors for you to make a decision, the one that goes with the couch or rest of the furniture.

&nbsp;

CAN'T GET RID OF PET HAIR ON YOUR COUCH!!!  If you cannot get rid of your pet's hair on your sofa, just curl this throw on the couch. When tour pet sheds a hair on the throw it can be uncurled and washed or cleaned as the throw is very durable and machine washable. So what are you waiting for? Your couch awaits the perfect throw.

&nbsp;","publish","0","2020-04-07 12:54:33","0","1","open","","no","no","visible","","instock","no","no","","","","","","","taxable","","","","no","","","'-1","'-1","","","Honeycomb check cotton throws","","These honeycomb check waffle design cotton throws are not only perfect to curl up on your couch but can also be taken on camping trips, used on beach.","","https://abouthomeuk.com/wp-content/uploads/2020/04/Big-honey-comb-check-scaled-1.jpg","","variable","","THROWS > Cotton throws|THROWS > Cotton throws > Honeycomb|THROWS","about-home|check|check-throws|comfortable|cotton-blankets|cotton-throws|cotton-throws-for-bed|home-decor-throws|honeycomb|honeycomb-throws|premium-quality|throws-for-sofa|warm-and-cozy-throws","","","2638078716321578","","1","","","0","none","","[]","{""gtin8"":"""",""gtin12"":"""",""gtin13"":"""",""gtin14"":"""",""isbn"":"""",""mpn"":""""}","","","","","","","Black / White|Chocolate / beige|Natural / Beige|Red / Maroon","0|1|1","","","","","","","","","","","","","","","","","","","","","","","90&quot; x 100&quot;","1|1|1",""
"Faux Silk Filled Cushions with printed designs","faux-silk-filled-cushions-with-printed-designs","4670","<ul class=""a-unordered-list a-vertical a-spacing-none"">
 	<li><span class=""a-list-item"">SIZE – 18 x 18 inches / 45 x 45 cm</span></li>
 	<li><span class=""a-list-item"">MATERIAL – Faux silk with padded foam</span></li>
 	<li><span class=""a-list-item"">DESIGNS – These cushions are available in 10 different amazing designs.</span></li>
</ul>","<h1>About Home Printed Faux Silk Cushions with Padded foam</h1>
<h2>Design</h2>
About Home presents to you Printed Faux Silk filled Cushions with padded foam for your home. These are available in various attractive designs for you to chose from and decide which suits your bedroom or couch the best. Available in beautiful bright prints filling your room with good vibes and making you feel comfortable. Buy them now at reasonable prices.
<h2>Features</h2>
<ul class=""a-unordered-list a-vertical a-spacing-none"">
 	<li><span class=""a-list-item"">SIZE – 18 x 18 inches / 45 x 45 cm</span></li>
 	<li><span class=""a-list-item"">MATERIAL – Faux silk with padded foam</span></li>
 	<li><span class=""a-list-item"">WHAT YOU’LL GET – 18 x 18 inches filled Cushions. Back is of solid color with matching front.</span></li>
 	<li><span class=""a-list-item"">AMAZING DESIGNS – These cushions provide good looks and elegant style to your living room or bedroom. Available in different amazing designs to match your room.</span></li>
 	<li><span class=""a-list-item"">FEEL COMFY – This Cushion is made up of faux silk covers with padded foam. It does not only brighten up your interior but also provides full comfort.</span></li>
</ul>
<h2>Use</h2>
You can place these faux silk filled cushions on your couch or sofa in the living room and enhance its looks. These cushions fill your living room or bed room with good vibes and making you feel comfortable. when your home needs a glow up, use these cushions to give this glow up and give your home what it deserves. We use our premium quality material to design the best printed cotton cushion covers. Buy them now at cheap prices. These are the premium quality cushions provided by About Home Exclusively. If you are looking for only the cushion shells/covers, you can buy them <a href=""https://abouthomeuk.com/product/faux-silk-printed-cushion-covers-shells-with-padded-foam/"">here</a>.
<h3>Delivery</h3>
These cushions are delivered free to your doorstep. No extra charge for delivery. These are delivered within 5 days of your order. Place an order now, don’t let this deal slip away
<h2>Social Media</h2>
Check out shop on <a href=""https://www.facebook.com/About-Home-105949177634629/"">facebook </a>and <a href=""https://www.instagram.com/about_home_uk/"">instagram.</a> Give us a review and tell us what you think. Your feedback means a lot.","publish","0","2020-05-07 15:15:50","0","3","open","","no","no","","","instock","no","no","","","","","","","taxable","","","","no","","","'-1","'-1","","","Faux Silk Filled Cushions","","About Home printed faux silk filled cushions are available in amazing different designs to enhance the looks of your sofa of bed. Buy now.","","https://abouthomeuk.com/wp-content/uploads/2020/04/collage-scaled-2.jpg","","variable","","CUSHIONS AND CUSHION COVERS|CUSHIONS AND CUSHION COVERS > Filled Cushions","abouthome|cushion-covers|cushions|designs|faux-silk|marilyn-monroe|padded-foam|premium-quality|printed","","","2980387725401798","","1","","","0","none","","[]","{""gtin8"":"""",""gtin12"":"""",""gtin13"":"""",""gtin14"":"""",""isbn"":"""",""mpn"":""""}","","","","","","","","","","","","","","","","Andrey in New York|Bull it|Home sweet Home|Indian elephant|Life begins on friday night|Liverpool|Love|Marilyn monroe in New York|Orient elephant|Saxophone","1|1|1","","","","","","","","","","","","","","","",""
"Filled Printed Cotton Cushions (Taped Edge)","filled-printed-cotton-cushions-taped-edge","4698","Unique process ensures Vibrant, long lasting print

Ethically sourced, ring spun cotton garment

Fully machine washable cushion covers

Free Delivery","<h1>About Home Taped Edge filled Printed Cotton Cushions</h1>
<h2>Design</h2>
These about home taped edge filled printed cotton cushions are a 100% cotton. These are available in different amazing designs. The sizes for these cushion covers are also variable because these are available in 2 different sizes for you to choose . The edges of these cushion covers are taped. The back of these cushion covers is solid color unlike the front that is printed with amazing designs.
<h2>Features</h2>
<ul class=""a-unordered-list a-vertical a-spacing-none"">
 	<li><span class=""a-list-item"">SIZE – 22 x 22 inches / 55 x 55 cm</span></li>
 	<li><span class=""a-list-item"">MATERIAL – 100% Cotton Duck Fabric</span></li>
 	<li><span class=""a-list-item"">WHAT YOU’LL GET – 22 x 22 inches or 24 x 24 inches Cushions. Back is of solid color with matching front.</span></li>
 	<li><span class=""a-list-item"">ELEGANT STYLE – This contemporary Duck Cushion constructed with cotton will provide good looks and elegant style. Luxurious and attractive.</span></li>
 	<li><span class=""a-list-item"">FEEL COMFY – The Cushion Cover is made up of soft cotton duck material. It does not only brighten up your interior but also provide full comfort.</span></li>
</ul>
<h2>Use</h2>
You can place these filled printed cotton cushions on your couch or sofa in the living room and enhance its looks. These cotton cushions fill your living room or bed room with good vibes and making you feel comfortable. when your home needs a glow up, use these cushions to give this glow up and give your home what it deserves. We use our premium quality cotton to design the best printed cotton cushion covers. Buy them now at cheap prices. These are the premium quality cushion covers provided by About Home Exclusively. If you are looking for only the cushion cover you can buy it <a href=""https://abouthomeuk.com/product/about-home-printed-cotton-filled-cushion-tape-edged-22x22-inches24x24-inches-60x60-cm/"">here</a>.
<h3>Delivery</h3>
These cushions are delivered free to your doorstep. No extra charge for delivery. These are delivered within 5 days of your order. Place an order now, don’t let this deal slip away.
<h2>Social Media</h2>
Check out shop on <a href=""https://www.facebook.com/About-Home-105949177634629/"">facebook </a>and <a href=""https://www.instagram.com/about_home_uk/"">instagram.</a> Give us a review and tell us what you think. Your feedback means a lot.","publish","0","2020-05-08 19:44:51","0","3","open","","no","no","","","instock","no","no","","","","","","","taxable","","","","no","","","'-1","'-1","","","Filled Printed Cotton Cushions","","These about home taped edge filled printed cotton cushions are a 100% cotton, available in different amazing printed designs and 2 sizes.","","https://abouthomeuk.com/wp-content/uploads/2020/04/Collage.png","","variable","","CUSHIONS AND CUSHION COVERS|CUSHIONS AND CUSHION COVERS > Filled Cushions","","","","2457770677656650","","no","","","0","none","","[]","{""gtin8"":"""",""gtin12"":"""",""gtin13"":"""",""gtin14"":"""",""isbn"":"""",""mpn"":""""}","","","","","","","","","","","","","Art Deco Ship|Art Deco Train|Autumn Level 1|Autumn Level 2|Bike Love|Cats &amp; Ducks|Cats &amp; Fish|Flower Style 1|Flower Style 2|Heart &amp; Love|Heart &amp; Love 2|Hope|Love Hope Optimism|Love Hope Peace|Love Text|Owls &amp; Cages|Spring Pattern|Taxi Driver|Watercolour Flamingo","0|1|1","","","","","","","","","","","","","","","","","22 x 22 inches|24×24 inches","1|1|1",""
"Brushed Velvet storage ottoman bench / stool by About Home","brushed-velvet-storage-ottoman","4744","<ul class=""a-unordered-list a-vertical a-spacing-none"">
 	<li><span class=""a-list-item"">SIZE – Two sizes available Single (15 x 15 x 15 inches), Double (30 x 15 x 15 inches)</span></li>
 	<li><span class=""a-list-item"">MATERIAL – Brushed velvet</span></li>
 	<li>FREE DELIVERY - Delivered free to your door step.</li>
 	<li>DESIGN - A lift-up lid with ample storage space to home essentials, Pillows, Toys and blankets.</li>
</ul>","<h1>About Home Brushed Velvet Storage Ottoman</h1>
<h2>Design</h2>
This About Home Brushed Velvet storage ottoman has a comfortable seat and is a heavy quality durable product .We keep in mind health about your family and children and that is why our products are made of 100% non-toxic materials. Decorate your living room, drawing room and the bedroom with these attractive storage ottomans / stool / bench.
<h2>Features</h2>
<ul class=""a-unordered-list a-vertical a-spacing-none"">
 	<li><span class=""a-list-item"">SIZE – Two sizes available Single (15 x 15 x 15 inches), Double (30 x 15 x 15 inches)</span></li>
 	<li><span class=""a-list-item"">MATERIAL – Brushed velvet</span></li>
 	<li>DESIGN - A lift-up lid with ample storage space to home essentials, Pillows, Toys and blankets.</li>
 	<li>ADAPTABLE - This ottoman will be a beautiful addition to living room,bedroom or hallway and more.</li>
 	<li>MULTI - FUNCTIONAL - This ottoman can be used as a Seat, Footrest, occasional bench as well as for Storage.</li>
 	<li>FOLD ABLE – Easy to set up, designed to fold into flat and is easy to store.</li>
</ul>
<h2>Use</h2>
You can store your items in this brushed velvet storage ottoman, very useful when you wanna hide something from your kids. It can also be used as a toy storage box for your children. These come in attractive small packaging that state the dimensions of the ottoman and are delivered free to your door step. So there’s no reason to not buy these stools as they are good quality an affordable price, delivered free to your door step and are comfy and good looking. The storage ottomans are also available in crushed velvet, you can buy them <a href=""https://abouthomeuk.com/product/crush-velvet-storage-ottomans/"">here</a>.
<h3>Delivery</h3>
These ottomans are delivered free to your doorstep. No extra charge for delivery. These are delivered within 5 days of your order. Place an order now, don’t let this deal slip away
<h2>Social Media</h2>
Check out shop on <a href=""https://www.facebook.com/About-Home-105949177634629/"">facebook </a>and <a href=""https://www.instagram.com/about_home_uk/"">instagram.</a> Give us a review and tell us what you think. Your feedback means a lot.","publish","0","2020-05-09 17:07:24","0","3","open","","no","no","","","instock","no","no","","","","","","","taxable","","","","no","","","'-1","'-1","","","Brushed velvet storage ottoman","","About Home Brushed Velvet storage ottoman has a comfortable seat and is a heavy quality durable product, can be used for storage and looks good in your room","","https://abouthomeuk.com/wp-content/uploads/2020/05/Brushed-velvet-storage-ottoman.jpg","","variable","","Furniture|Furniture > Stools And Ottomans","about-home|bench|brushed-velvet|furniture|home-decor|ottoman|seat|stool|storage-bench|storage-ottoman","","","2955673527861556","","yes","","","0","none","","[]","{""gtin8"":"""",""gtin12"":"""",""gtin13"":"""",""gtin14"":"""",""isbn"":"""",""mpn"":""""}","","","","","","","Black|Blue|Charcoal|Green|Grey|Yellow","0|1|1","","","","","","","","","","","","","","","","","15&quot;×15&quot;×15&quot;|30&quot;x15&quot;x15&quot;","1|1|1","","","","","","",""
"Printed Flannel Blanket Throws by About Home","printed-flannel-blanket-throws","4788","<ul class=""a-unordered-list a-vertical a-spacing-none"">
 	<li><span class=""a-list-item"">DIMENSIONS – These are available in the size 150×200 cm.</span></li>
 	<li>DESIGNS - <span class=""a-list-item"">8 different printed designs available.</span></li>
 	<li><span class=""a-list-item"">VERSATILE – You can use this fleece throw as a blanket as well as bed throw or sofa/settee throw</span></li>
</ul>","<h1>About Home Printed Flannel Blanket Throws</h1>
<h2>Design</h2>
These About Home Printed Flannel Blanket Throws are flannel blankets made with the flannel fleece designed exclusively for your home by About Home. These printed blankets have a soft feel that you can’t get enough of. When you just feel like laying in your sofa, be lazy and watch TV, you’ll need the perfect throw. Not too warm not too cold, available in different size to fit your couch or bed accordingly. Also available in different colors to match with your living room or bedroom.
<h2>Features</h2>
<ul class=""a-unordered-list a-vertical a-spacing-none"">
 	<li><span class=""a-list-item"">DIMENSIONS and DESIGNS – These are available in the size 150×200 cm and in 8 different printed designs</span></li>
 	<li><span class=""a-list-item"">EXTRA WARMTH – When the nights get colder and you need extra layers of warmth, reach for one of our soft Flannel Blanket Throws. </span></li>
 	<li><span class=""a-list-item"">ALL PURPOSE BLANKET – You can use this flannel fleece as a blanket as well as bed throw or sofa/settee thro</span><span class=""a-list-item"">w</span></li>
 	<li>VERSATILE - These throws can go with anything.</li>
</ul>
<h2>More products</h2>
These About Home Printed Flannel Blanket Throws have a versatile nature, they can go with anything. However, if you need some more products for your house then why not get a perfect combination of products to give your home a glow up. If you do not need printed flannel throws we also have <a href=""https://abouthomeuk.com/product/about-home-premium-quality-super-soft-flannel-fleece-throw-blanket-soft-warm-blanket-throw-mustard-200x240-150x200cm/"">SUPER SOFT FLANNEL SOLID COLOR THROWS</a>, they are the premium quality flannel.
<h2>Social Media</h2>
You can check out our shop on <a href=""https://www.facebook.com/pg/About-Home-105949177634629/shop/?ref=page_internal"">facebook</a> and <a href=""https://www.instagram.com/about_home_uk/"">instagram</a> and find more amazing deals and products and buy now!! Give us a review and tell us what you think. Your feedback means a lot to us.","publish","0","2020-05-12 19:17:39","0","3","open","","no","no","","","instock","no","no","","","","","","","taxable","","","","no","","","'-1","'-1","","","Printed Flannel Blanket Throws","","These About Home Printed Flannel Blanket Throws are available in 8 different designs. The dimensions of this printed flannel blankets are 150 x 200 cm.","","https://abouthomeuk.com/wp-content/uploads/2020/05/Brown-3.jpg","","variable","","BEDDING > Blankets|THROWS > Flannel throws|THROWS","about-home|blankets|flannel-throws|printed-blankets|printed-flannel|printed-throws|sofa-throws|throws-for-sofa","","","2608866002553495","","yes","","","0","none","","[]","{""gtin8"":"""",""gtin12"":"""",""gtin13"":"""",""gtin14"":"""",""isbn"":"""",""mpn"":""""}","","","","","","","","","","","","","","","","","","","","","","","","","","","","Aubergine Flower|Beige Lime|Cream Flower|Diamond Blue|Grey Flower|Royal Blue|Royal Brown|Teal Drops","0|1|1","","","",""
"3ft Memory foam mattress economy 11 cm depth","3ft-single-budget-economy-memory-foam-mattress-11cm-depth","4813","<ul class=""a-unordered-list a-vertical a-spacing-mini"">
 	<li><span class=""a-list-item"">Fantastic quality economy reflex and memory foam mattress</span></li>
 	<li><span class=""a-list-item"">Conform to your body shape to relieve pressure points across the body</span></li>
 	<li><span class=""a-list-item"">Great for allergy and asthma suffers</span></li>
 	<li><span class=""a-list-item"">4 inch depth.</span></li>
</ul>","<h1>3ft Memory foam mattress</h1>
<h2>Design</h2>
The Economy reflex &amp; memory foam mattress is of fantastic quality. The modern fabric gives the mattress a unique design and luxury feel. This also comes with a removable zip cover setting an outstanding look and feel to the mattress. These 3ft Memory foam mattress are super comfy.
<h2>Use</h2>
These 3ft Memory foam mattress are to be placed on your similar sized bed, makes you feel super comfortable and helps you get the best night sleep and fresh mornings.
<h2>Features</h2>
<ul class=""a-unordered-list a-vertical a-spacing-mini"">
 	<li><span class=""a-list-item"">Fantastic quality economy reflex and memory foam mattress</span></li>
 	<li><span class=""a-list-item"">A soft and luxury feeling mattress</span></li>
 	<li><span class=""a-list-item"">Conform to your body shape to relieve pressure points across the body</span></li>
 	<li><span class=""a-list-item"">A thick layer of reflex foam is used to act as the support mechanism/foundation layer in this mattress</span></li>
 	<li><span class=""a-list-item"">Great for allergy and asthma suffers</span></li>
 	<li><span class=""a-list-item"">4 inch depth.</span></li>
</ul>
<h2>Box Contains</h2>
1 x Budget Economy Memory Foam Mattress, 3ft Single
<table border=""0"" cellspacing=""0"" cellpadding=""0"">
<tbody>
<tr>
<td class=""label"">Brand</td>
<td class=""value"">BEDZONLINE</td>
</tr>
<tr>
<td class=""label"">Model Number</td>
<td class=""value"">budgeco3ft</td>
</tr>
<tr>
<td class=""label"">Colour</td>
<td class=""value"">White</td>
</tr>
<tr class=""size-weight"">
<td class=""label"">Item Weight</td>
<td class=""value"">15 Kg</td>
</tr>
<tr class=""size-weight"">
<td class=""label"">Product Dimensions</td>
<td class=""value"">190 x 92 x 15 cm</td>
</tr>
<tr>
<td class=""label"">Material</td>
<td class=""value"">Fabric</td>
</tr>
<tr>
<td class=""label"">Special Features</td>
<td class=""value"">Hypo Allergenic Fillings</td>
</tr>
</tbody>
</table>
<h3>Delivery</h3>
These are delivered free to your doorstep. No extra charge for delivery. Visit the <a href=""https://www.amazon.co.uk/exec/obidos/tg/browse/-/524836/"">Delivery Destinations</a> Help page to see where this item can be delivered. Shipping Weight for this item is 20 Kg. These are delivered within 5 days of your order. Place an order now, don’t let this deal slip away. Check out our <a href=""https://abouthomeuk.com/product-category/bedding/"">bedding category</a> for more products like pillows and pillow covers, mattress covers, throws and blankets and much more.
<h2>Social Media</h2>
Check out shop on <a href=""https://www.facebook.com/About-Home-105949177634629/"">facebook </a>and <a href=""https://www.instagram.com/about_home_uk/"">instagram.</a> Give us a review and tell us what you think. Your feedback means a lot.","publish","0","2020-05-17 12:50:03","0","3","open","","no","no","","","instock","no","no","58.99","49.99","","","","","taxable","","","","no","","","'-1","'-1","https://www.amazon.co.uk/gp/product/B00NB2MCI2/ref=as_li_tl?ie=UTF8&tag=abouthomeuk-21&camp=1634&creative=6738&linkCode=as2&creativeASIN=B00NB2MCI2&linkId=d95455a8e504d88250c792de842f1e76","Buy Now","3ft memory foam mattress","","This 3ft Memory foam mattress is super comfortable and helps you get the best night sleep and fresh mornings. Buy now at amazing price and free delivery.","","https://abouthomeuk.com/wp-content/uploads/2020/05/5157RaBb56L._AC_SX425_.jpg | https://abouthomeuk.com/wp-content/uploads/2020/05/41QY4DdGYsL._AC_SX425_.jpg | https://abouthomeuk.com/wp-content/uploads/2020/05/61Tu-f-N9IL._AC_SL1247_.jpg | https://abouthomeuk.com/wp-content/uploads/2020/05/71PzIAQK9CL._AC_SL1276_.jpg | https://abouthomeuk.com/wp-content/uploads/2020/05/51A9Sk5ZBjL._AC_.jpg","","external","","BEDDING|BEDDING > Mattress and mattress covers","3ft-mattress|bedding|home-decor|mattress|memory-foam","","","3440673009294118","3440673059294113","yes","","","0","none","","","{""gtin8"":"""",""gtin12"":"""",""gtin13"":"""",""gtin14"":"""",""isbn"":"""",""mpn"":""""}","","","","","","","","","","","","","","","","","","","","","","","","","","","","","","","","",""
"Wooden Chest of Drawers, 4 Drawer With Metal Handles","wooden-chest-of-drawers-4-drawer-with-metal-handles","4832","<ul class=""a-unordered-list a-vertical a-spacing-mini"">
 	<li><span class=""a-list-item"">Product Colors : White and wooden</span></li>
 	<li><span class=""a-list-item"">Product Size : H 72 x W 75 x D 36 Cm Approx.</span></li>
 	<li><span class=""a-list-item"">Product Material : Composite Wood</span></li>
 	<li><span class=""a-list-item"">Free Delivery : Delivered free to your door step</span></li>
</ul>","<h1 id=""title"" class=""a-size-large a-spacing-none""><span id=""productTitle"" class=""a-size-large"">Wooden Chest of Drawers, 4 Drawer With Metal Handles &amp; Runners, Unique Anti-Bowing Drawer Support, Riano Bedroom Furniture by VIDA</span></h1>
<h2>Design</h2>
Vida Designs offers this stunning new product with a modern stylish design, the Riano Wooden Chest of Drawers, Available in White and wooden colors. The Riano Chest of Drawers is a contemporary piece of bedroom furniture made from sturdy and durable hardboard with complimentary silver handles. This wooden chest of drawers has four spacious drawers, perfect for bedroom storage. Not only spacious, these chest of drawers look excellent and would fit perfectly in to any contemporary style interior. This item is flat packed for home assembly with easy to follow instructions provided.
<h2>Features</h2>
<ul class=""a-unordered-list a-vertical a-spacing-mini"">
 	<li><span class=""a-list-item"">Product Colour: White and Wooden colors</span></li>
 	<li><span class=""a-list-item"">Product Size: H 72 x W 75 x D 36 Cm Approx.</span></li>
 	<li><span class=""a-list-item"">Product Material: Composite Wood</span></li>
 	<li><span class=""a-list-item"">Product Brand: Vida Designs</span></li>
 	<li><span class=""a-list-item"">Product Cleaning Instructions: Wipe With A Dry Cloth</span></li>
 	<li>Free Delivery : Delivered free to your door step.</li>
</ul>
<h2></h2>
<h2></h2>
<h2>Use</h2>
You can store your items in this Wooden Chest of Drawers with metal handles, it has 4 drawers for the storage. Metal handles that won't break, premium quality wood. The drawers come out smooth, no need to use force to open up these drawers. These are delivered free to your door step. So there’s no reason to not buy these wooden drawers as they are good quality an affordable price, delivered free to your door step and are good looking. You can also check out other bedroom furniture <a href=""https://abouthomeuk.com/product-category/furniture/bedroom-fr/"">here</a>.
<h3>Delivery</h3>
These wooden drawers are delivered free to your doorstep. No extra charge for delivery. These are delivered within 5 days of your order. Place an order now, don’t let this deal slip away
<h2>Social Media</h2>
Check out shop on <a href=""https://www.facebook.com/About-Home-105949177634629/"">facebook </a>and <a href=""https://www.instagram.com/about_home_uk/"">instagram.</a> Give us a review and tell us what you think. Your feedback means a lot.","publish","0","2020-05-25 16:18:42","0","3","open","","no","no","","","instock","no","no","63.99","49.95","","","","","taxable","","","","no","","","'-1","'-1","https://www.amazon.co.uk/gp/product/B01LODM2YS/ref=as_li_tl?ie=UTF8&tag=abouthomeuk-21&camp=1634&creative=6738&linkCode=as2&creativeASIN=B01LODM2YS&linkId=e70db94c4ad0c307abb20762bf251ef1","Buy now","Wooden Chest of Drawers","","This beautiful wooden chest of drawers can be yours for ONLY 49.95 £ and is delivered free to your doorstep. Makes bedroom look beautiful and is spacious.","","https://abouthomeuk.com/wp-content/uploads/2020/05/Bedroom-vida-chest-drawer.jpg | https://abouthomeuk.com/wp-content/uploads/2020/05/Bedroom-vida-chest-drawer-wood.jpg | https://abouthomeuk.com/wp-content/uploads/2020/05/Bedroom-vida-chest-drawer-wood-6.jpg | https://abouthomeuk.com/wp-content/uploads/2020/05/Bedroom-vida-chest-drawer-wood-4.jpg | https://abouthomeuk.com/wp-content/uploads/2020/05/Bedroom-vida-chest-drawer-wood-3.jpg | https://abouthomeuk.com/wp-content/uploads/2020/05/Bedroom-vida-chest-drawer-7.jpg | https://abouthomeuk.com/wp-content/uploads/2020/05/Bedroom-vida-chest-drawer-6.jpg | https://abouthomeuk.com/wp-content/uploads/2020/05/Bedroom-vida-chest-drawer-5.jpg","","external","","Furniture > Bedroom furniture|Furniture","bedroom|bedroom-furniture|chest-of-drawers|drawer|furniture|home-decor|home-interiors|spacious-drawers|wooden|wooden-drawers","","","","2976991102384394","no","","","0","none","","","{""gtin8"":"""",""gtin12"":"""",""gtin13"":"""",""gtin14"":"""",""isbn"":"""",""mpn"":""""}","","","","","","","White|Wooden","0|1|0","","","","","","","","","","","","","","","","","","","","","","","","",""
